{"initial_reset_timestamp": 1685386797.8824713, "timestamps": [1685387820.912247, 1685388843.2415621], "episode_lengths": [1000, 1000], "episode_rewards": [56996.6205230857, 57351.63687582441], "episode_types": ["t", "t", "t"]}